API;Surf_X;Surf_Y;Date_Drilling;Date_Completion;Date_Production;Lateral_Length (ft);Depth_TVD_PPLS (ft);Erosion_PPLS (ft);Pressure_PPLS (PSI);TOC_PPLS (%);Vcarb_PPLS;Vsand_PPLS;Vclay_PPLS;PR_PPLS;YM_PPLS (PSI);RHOB_PPLS (g/cc);Res_PPLS (Ohmm);GR_PPLS (API);DT_PPLS (us/ft);DTs_PPLS (us/ft);Temperature (F);Temp_Anomaly (F);S3Tect_PPLS (PSI);S3_contrast_PPLS (PSI);Heat_Flow (W/m2);Zone;Nbr_Stages;Frac_Gradient (PSI/ft);Proppant_Designed (kg);Proppant_in_Formation (kg);Avg_Breakdown_Pressure (KPa);Avg_Treating_Pressure (KPa);Max_Treating_pressure (KPa);Min_Treating_Pressure (KPa);Avg_Rate_Slurry (bpm);Max_Rate_Slurry (bpm);Min_Rate_Slurry (bpm);ShutInPressure_Fil (KPa);ShutInPressure_Initial (KPa);ISIP (KPa);Shot_Density (shots/ft);Shot_Total;Proppant_per_ft (kg/ft);Stage_Spacing (ft)
41;0.706769264;-1.143850788;17/03/2013;29/04/2013;22/07/2013;-0.625752216;1.132197285;-0.936825338;0.125076835;0.780194765;0.3810952;-1.070255474;0.540915596;0.310320587;-1.413415942;-0.369478288;0.411595884;-0.002174923;0.547762084;-0.506888661;0.217964543;0.227171085;0.692554751;-0.68316909;1.297617209;-0.978711678;-0.721365604;-0.331908112;-0.646597406;-0.642429704;1.46923058;0.374382428;-0.001307646;0.164052011;1.085238094;0.806219562;0.497681703;-1.614314543;-1.701705195;-1.291099441;-0.773433047;0.924225629;-0.499465381;0.424462137
6;-0.688303819;0.00798803;13/05/2013;26/08/2013;24/11/2013;-1.39178159;0.615790853;-0.645152311;-0.830465079;1.860649523;-0.294986441;0.512507335;-0.569624385;-0.788269704;1.836165178;0.254508116;0.086868812;-0.024199009;-0.709059033;-1.244535043;-0.485201592;-0.486234908;0.293118689;0.472569658;-0.081169927;-2.021180934;-0.210303704;0.087653482;-0.57040146;-0.582216019;-0.062074909;0.313796682;0.5956154;0.366224515;1.051865846;0.513919178;0.653779655;;0.487604637;0.072260469;0.187081792;2.409200781;0.615602468;-0.981752736
431;0.732057974;-0.663670458;06/06/2012;18/09/2012;02/12/2012;-0.896444968;0.334433671;-0.77961974;0.741318837;0.519659575;0.651527856;-1.070255474;0.263280601;0.859615732;-1.131911378;-0.369478288;0.306297205;-0.172292006;1.054979177;-0.683043021;0.384197672;0.388814273;0.971353919;-0.959323372;0.92062935;0.584992205;-1.013400975;-0.575823234;-0.637453893;-0.643801096;-0.201936787;0.271345296;-0.077463639;-0.402530356;0.995550178;0.746936104;0.464565455;-1.747850606;-1.988656101;-2.210800662;0.667339212;-0.560749524;-0.218693536;1.150365317
656;1.0180301;-1.125386823;18/05/2013;05/12/2013;01/02/2014;-1.453387527;0.783816282;0.838494158;-0.282323233;0.182496387;-0.159770113;0.336644801;-0.014354394;0.310320587;0.494016863;0.462503584;0.046732113;0.587159258;0.345772976;-0.863984184;-1.56737926;-1.630171315;0.766696333;-0.973745832;-1.835751168;0.584992205;-0.794374447;0.188388795;-1.073294708;-1.075666896;0.505571928;-1.547136776;-1.361312835;-0.379635331;1.097119508;0.641896167;0.75196718;;1.135837409;0.632368822;-0.773433047;0.924225629;-0.53205081;-0.17569125
92;1.049267263;-0.219402053;22/06/2014;20/10/2014;15/12/2014;2.323865357;-0.651139512;1.338810283;-0.459877087;-1.72554074;1.462825825;-1.421980542;-1.402529372;0.310320587;1.524132776;0.046512648;-0.292793562;-0.410000251;1.315320694;0.502648145;1.049130187;1.42395238;1.591167797;-0.778205417;0.381768299;2.148696089;1.541908523;0.153699194;1.697656235;1.709668043;-0.470904031;1.036655751;0.722641992;0.995349867;1.57128947;1.737141693;0.369536221;1.941429236;1.547698456;1.212265708;0.667339212;-0.560749524;0.339722996;-0.667472003
123;-0.070796287;-0.535868557;23/12/2014;02/05/2015;03/08/2015;2.300840916;0.850871161;0.682429534;0.706253479;0.312763983;-0.294986441;0.160782267;0.540915596;-0.788269704;-0.375314946;1.017158165;-0.008323503;0.176296124;-0.646217977;-0.854410578;-0.827641837;-0.464475248;-0.272195005;1.485581296;-0.575145786;-0.45747705;2.929076537;-0.17803274;3.204599729;3.212775813;-0.495664636;0.471514882;-0.083533964;0.252603811;-0.689347239;-0.564900421;-0.663424908;-0.186029628;0.368022234;-0.89381015;0.667339212;-0.560749524;1.83752969;-1.207316578
356;0.085638678;0.348154841;13/04/2013;22/07/2013;25/09/2013;-0.411064861;-0.756551398;-0.083620312;0.309683061;0.64226437;0.651527856;-0.366805336;-0.847259381;0.859615732;-0.35998343;-1.062796514;-0.013328559;0.076048557;0.704864723;1.020101577;0.29110712;0.063973635;-0.267918289;-0.3355671;-0.016468401;1.106226833;-0.35632139;-0.045396503;-0.57040146;-0.565016167;-0.195257084;-0.383777548;0.004041856;0.124243033;1.270793008;0.978306267;0.779997719;-0.544107731;-0.523380671;0.125385397;-0.773433047;-0.560749524;-0.555465963;-0.159209534
793;0.615165167;-0.96757365;27/04/2013;13/08/2013;07/11/2013;-0.931915053;0.948270005;-1.501876369;-0.152127263;0.573299173;-0.159770113;-0.366805336;0.818550592;-0.238974559;-1.823262391;-0.300146465;0.073273348;-0.167735298;0.52531885;-0.589221677;0.568716445;0.581542689;0.984407551;-0.283202611;2.000977712;-0.978711678;-0.575347918;0.145717474;-0.821848084;-0.814535129;0.140423009;-1.871854202;-1.497402054;-0.651368209;-1.831275537;-2.392568605;0.133402972;-0.223937583;-0.050529098;0.251641575;-1.253690467;0.181738053;-0.534067932;-0.165745696
525;0.351408903;-0.300115958;24/09/2013;09/01/2014;25/03/2014;-0.624507652;0.031180384;-1.018620648;0.26014178;0.826171563;-0.294986441;0.336644801;-0.29198939;0.310320587;0.059229424;0.323839938;0.216567139;-0.059133768;0.094408752;-1.103324347;0.557080126;0.087287557;0.593677297;-0.011074706;-0.179057845;-0.45747705;-0.429330233;0.014967356;-0.654217001;-0.635344222;-0.629844949;1.173050536;0.610090342;1.441722237;0.159048434;0.115965963;0.305956055;;-0.403651675;0.187632992;-1.253690467;0.181738053;-0.487285708;-0.189839469
223;-0.101026469;-0.532586074;27/02/2014;12/12/2014;09/02/2015;0.648059424;0.876929079;0.794065149;0.596690612;0.36640358;-0.159770113;-0.015080268;0.263280601;-0.788269704;-0.326577075;0.878494519;-0.011692291;0.111742767;-0.650706624;-0.809414627;-0.674707359;-0.392979223;-0.383648642;1.407198551;-0.558910717;-0.45747705;1.687926209;0.000224293;1.800816404;1.850945683;-0.32692752;0.893611856;0.154127303;-0.507012324;-0.26232937;1.081331861;-1.34930805;-0.072308397;0.723049882;-0.004008629;0.667339212;-0.560749524;1.994736818;-1.221433793
296;-0.011176803;0.158161615;31/12/2013;03/07/2014;04/09/2014;1.262251944;-0.361210238;0.703886264;-0.497497019;0.596287572;1.192393168;-1.070255474;-0.569624385;0.859615732;-0.362556781;-0.924132869;-0.106860543;0.082124167;0.462477794;0.790335021;-0.214241592;-0.410076099;-0.238174294;-0.003854846;-0.154943992;-0.45747705;0.373767038;-0.084840613;0.282993144;0.304438045;-1.890803276;-1.053693067;-2.431099026;-0.060412193;-0.45197108;-0.347063269;0.383982584;0.213072323;0.032904484;0.00245529;-1.253690467;0.181738053;-0.514001218;-0.175529068
198;1.048966207;-1.675124524;15/04/2014;25/10/2014;18/01/2015;0.849678853;1.536949112;0.349967282;0.801187586;0.772531965;1.192393168;-1.421980542;-0.569624385;0.859615732;0.54087099;0.393171761;0.109920945;1.375469669;1.297366107;0.002905885;-2.054442328;-2.693286128;-0.412732337;-2.033024133;-2.857844282;-0.978711678;1.906952737;0.198942799;2.053786947;2.120948246;-1.367118848;-0.441658699;0.354211097;-0.110584826;-0.619997895;-0.740962456;-0.710736689;0.624418638;0.453377445;0.393392714;1.627854051;0.181738053;2.103893863;-1.242417542
368;-0.329860229;0.203334829;29/01/2015;10/07/2015;19/10/2015;1.73331956;-0.099823545;0.398713758;-1.201074906;0.190159187;0.651527856;-0.542667871;-0.569624385;0.310320587;0.896316446;-0.369478288;-0.108785565;0.054783922;-0.05820524;0.967446742;-0.039696807;-0.134971827;0.129516554;-0.7299493;0.295101679;-0.45747705;1.103855466;0.084476478;1.113528964;1.149556828;-0.511423721;0.149820041;0.491006157;-0.082179304;-0.685707177;-0.579531274;-0.702782296;0.67166584;-0.382175028;0.508015956;0.667339212;-0.560749524;0.145974661;-0.594941085
166;-1.248340785;0.963835275;13/04/2014;27/11/2014;01/06/2015;-0.556056611;-0.446527401;0.982737496;0.158853988;-0.177655199;-2.593664019;1.91940761;2.484360564;-0.788269704;-2.115642555;-1.548119273;-0.307279349;-0.573282273;-1.422753881;-0.753409029;2.184502457;1.529642157;-1.68626906;1.075123793;1.411023943;-0.45747705;;;;;;;;;;;;;;;;;;
527;-1.2663211;1.060316821;25/07/2014;;01/12/2015;-0.119214515;-0.576692756;1.063170044;0.232652811;-0.277271595;-2.458447691;1.91940761;2.484360564;-0.788269704;-2.258505331;-1.617451096;-0.293828261;-0.529993551;-1.445197115;-0.697882111;2.295878653;1.653983071;-1.745975459;1.028632723;1.526340686;-0.45747705;;;;;;;;;;;;;;;;;;
207;0.249807669;-0.925995536;09/05/2013;31/10/2013;16/01/2014;0.254777081;1.163410882;-0.592194333;1.608979017;-0.637423181;-2.999313003;2.974582815;2.206725569;-4.084040576;-0.620100382;3.027781021;-0.151785734;1.068651359;-0.767411442;-0.687351144;-0.802706868;0.026671361;0.728927147;1.287253057;0.749444869;-0.978711678;0.227749353;-0.073539907;-0.027886319;-0.008599267;0.190390233;0.17139794;-0.256395591;0.259603995;0.913981848;0.354653697;0.64670482;;-0.767062923;-0.335071034;0.187081792;2.409200781;-0.223220623;-0.501980561
762;0.370749161;0.367224502;03/11/2012;14/12/2012;17/06/2013;-0.580947898;-1.061668184;-1.905032224;1.483433682;1.17099755;-0.024553785;0.336644801;-0.847259381;0.310320587;-0.282665062;-0.854801047;-0.047642068;0.171739417;0.942763006;-0.126337803;0.706689942;0.356174783;0.329409818;-0.226846267;-0.596872129;1.106226833;-1.086409818;-0.221594641;-0.033855001;-0.034647966;-0.129856882;0.725444502;-0.022066904;0.761697998;0.90169073;0.969249072;0.342035336;-0.137172945;-0.462974424;0.071335216;0.667339212;-0.560749524;0.589880552;1.946861769
552;-0.12815266;-0.10600009;28/12/2013;15/08/2014;08/10/2014;0.727089262;0.197715014;1.264053036;-0.404942815;0.580961972;1.05717684;-1.070255474;-0.29198939;0.310320587;-0.165628996;-0.300146465;-0.163768993;-0.044704194;-0.071671181;0.124490688;-0.432006991;-0.506440307;-0.070960823;0.719123806;-0.310370906;-0.45747705;1.760935052;0.222755327;1.206868999;1.145999111;-0.277537999;0.751512451;0.465811522;0.340660471;-0.197486406;0.072771607;-0.679634714;0.463313108;1.233296108;0.806876524;-1.253690467;0.181738053;0.96236208;-1.225412313
95;1.227731227;-1.731122116;12/05/2013;01/07/2013;06/09/2013;0.123475539;1.416380773;0.167347276;0.763305646;0.741880766;1.192393168;-1.421980542;-0.569624385;0.859615732;0.663249907;0.670499051;0.315248556;-8.030334231;1.87640155;0.165178516;-3.369346376;-4.49778364;0.462820985;-2.386072306;-4.248091467;-0.978711678;-0.137294862;-0.439870578;-0.318954835;-0.312687026;-1.289648436;-0.187058679;-0.111338659;-0.095927455;0.796949028;0.736912331;0.320581767;-1.171674129;-0.716306668;-1.806237255;-0.773433047;0.924225629;-0.577298601;-0.146234117
664;-2.083480715;3.143657804;25/08/2014;11/03/2015;20/04/2015;1.081790109;-2.958957901;1.193531935;1.813301319;-1.058877165;0.110662543;0.864232404;-1.124894376;0.859615732;0.223142293;-3.420078484;-0.498939306;0.477038825;-1.938948268;-0.248401286;0.425755954;1.32603391;-1.532413975;1.51005028;0.975780835;1.106226833;;;;;;;;;;;;;;;;;;
691;0.150718696;-0.54051874;12/05/2014;12/10/2014;31/01/2015;-0.721583673;0.629301216;-0.160556007;1.298412611;0.328089582;-1.241500738;1.040094938;0.818550592;-1.33756485;-0.321897907;1.641144568;0.088120076;0.515770839;-0.489115337;-1.126779683;-1.052056561;-0.588816162;0.507045878;1.255167184;-0.36767115;-0.45747705;1.833943895;-0.016788688;1.969463432;2.016047222;-1.02867628;0.448857397;-0.286316298;-2.147410678;0.369288657;1.21017046;-1.271388278;0.183875125;0.544505125;-0.052648651;1.627854051;0.535303565;4.769556081;-1.647295574
395;1.290994528;-1.184862283;21/12/2012;02/03/2013;26/05/2013;-0.735896163;0.806799427;0.946645241;-1.376445362;0.466019977;0.786744184;-0.718530405;-0.569624385;0.310320587;0.805781377;0.046512648;0.583500308;0.508935778;1.571173564;-0.174205835;-2.323739996;-2.122872186;0.964634092;-1.635923157;-1.808533552;0.584992205;-0.940392133;0.099105474;-0.707554164;-0.701486575;0.887260713;0.299129184;0.350641631;0.424709516;1.062294674;0.821314887;0.711005535;-0.112019009;-0.151793657;0.348551217;0.467231953;-0.560749524;-0.505534527;1.029420156
528;1.838553239;-1.271672228;14/08/2012;20/03/2013;26/02/2014;-1.294705569;0.628804283;0.286274778;-0.857517369;0.251461585;0.245878872;0.336644801;-0.847259381;0.310320587;1.317389976;-1.47878745;-0.242550499;0.121615633;1.288388813;2.541826333;1.383258776;2.24304815;2.294301433;-1.18274203;1.634972399;0.584992205;-1.086409818;-0.794076043;-0.976779842;-0.973014945;-1.503261117;-0.807279101;-0.512145095;-0.549806976;1.118506054;0.91852878;0.591069523;-2.094708138;-2.304350131;-2.916151666;-1.253690467;0.181738053;-0.477409489;0.970244108
377;0.418710507;-0.604781155;07/01/2012;12/04/2012;09/07/2012;-1.143490997;0.485314915;-1.127055127;0.54664715;0.098205591;-0.971068082;0.864232404;1.096185587;-0.788269704;-0.67706355;0.947826342;-0.048147386;0.174777222;0.004635816;-1.013811126;-0.23751423;0.077961988;0.8812737;0.239807905;0.830620215;-0.45747705;-1.232427504;;-0.819942169;-0.819926963;-0.74716978;-0.118146166;-0.6026874;-1.442386363;-0.666348666;0.294488044;-0.296280349;-1.007778617;-1.283484558;-1.770149046;-0.293175628;-1.3032371;-0.306882699;2.095866208
218;-0.901856388;1.874567922;13/11/2015;;06/06/2016;0.961067365;-1.905025389;1.325872666;;-0.966923569;-0.565419097;-0.366805336;2.484360564;-0.238974559;-3.202309699;-0.993464692;-0.583303375;0.641839749;-1.211787479;0.161827753;2.1761908;0.95456543;-2.105011291;1.681691359;0.674954551;1.106226833;;;;;;;;;;;;;;;;;;
608;-1.724736069;2.754116983;;23/09/2014;23/09/2014;1.028896123;-2.73949992;1.367615578;;-0.422864789;-0.159770113;1.215957472;-0.847259381;0.310320587;-0.461479514;-3.350746661;-0.40078727;0.686647373;-1.858152625;-0.085649975;1.170480371;1.252983624;-1.437284997;1.423528469;0.916331831;1.106226833;;;;;;;;;;;;;;;;;;
761;-0.004595095;0.67257355;28/03/2014;14/08/2014;21/12/2014;0.202505377;-1.141456968;-0.3820554;0.096649004;-0.591446383;0.3810952;-0.015080268;-0.847259381;0.859615732;-0.068530802;-0.993464692;-0.060732215;0.124653438;0.70935337;2.466194841;0.959364298;0.747848661;-0.823017643;-1.417303354;0.6513182;1.106226833;0.592793567;-0.020216897;0.535963687;0.56837431;1.166357685;1.472937206;0.246700169;1.356634717;-1.632514354;-1.157819453;-0.105435424;0.556571762;1.706302499;0.571499743;0.667339212;-0.560749524;0.685788671;-0.826039873
681;-0.292851095;-0.590850142;22/10/2014;12/02/2015;10/06/2015;1.473205606;1.177884052;1.291643428;0.068898027;0.933450759;0.516311528;-0.542667871;-0.29198939;0.310320587;0.151905125;0.393171761;0.043964895;-0.1988728;-0.695593092;-0.686393784;0.060043071;-0.005968129;-0.668873042;0.587470312;-0.437386448;-2.021180934;2.345005794;0.088197889;2.559728033;2.556119227;-1.14277551;-0.416962959;-0.25230137;-0.932745899;-0.855292262;-0.894626322;13.26138096;0.852570692;0.758827337;0.331317708;0.667339212;-0.534697328;1.932842861;-1.224878821
732;-2.017227616;1.551536453;15/08/2013;21/12/2013;19/12/2013;-1.336398475;-0.277508107;1.076275233;0.242063252;-2.001401529;0.245878872;-0.542667871;0.540915596;0.310320587;1.068920111;0.462503584;-0.395613775;-0.204188959;-1.786334275;-0.454712506;0.435729942;0.595531042;-1.398337428;1.044466356;0.443127311;-0.45747705;;;;;;;;;;;;;;;;;;
222;-0.537734257;0.532677262;01/04/2013;19/06/2013;08/09/2013;-0.909512894;-0.405809963;-1.148516785;-0.80869661;-0.606771982;0.245878872;-0.366805336;-0.014354394;-0.238974559;1.058330503;1.15582181;-0.425571923;0.013014102;-0.466672103;-0.117242876;-0.360526745;-0.361893994;-0.110863287;-0.073636764;0.230638904;-0.45747705;-0.575347918;-0.306538436;-0.795941462;-0.791825436;0.820149414;1.021428624;0.157608706;1.113675538;0.701273204;1.070476546;0.403982201;-0.680160931;-0.273620028;-1.041535192;-0.293175628;1.666713205;-0.510332359;-0.147714906
402;0.037075218;-0.045743086;08/07/2013;05/12/2013;05/02/2014;-0.439689842;-0.075877592;0.601499196;0.03350516;0.741880766;1.05717684;-1.421980542;-0.29198939;0.310320587;-0.614466077;-0.577473756;-0.130177367;-0.053817609;0.21111357;-0.21010686;-1.06369288;-1.274245449;0.011927201;0.816840069;-0.874539564;-0.45747705;-0.35632139;0.026773213;-0.57040146;-0.564215693;0.011580904;-0.635759176;-0.470945951;-0.578732399;-1.120198203;-1.503365166;0.067170476;0.635891354;0.371501633;0.275816071;-1.253690467;0.181738053;-0.528561802;-0.178792975
537;-0.426769141;1.182784688;28/09/2015;22/03/2016;18/03/2016;1.623797895;-1.378245483;-0.323592157;-0.069158173;-2.108680725;0.516311528;-0.542667871;0.263280601;-0.238974559;-1.006126525;0.670499051;-0.492851426;0.322870218;-0.233262467;1.035419348;0.917806015;0.609519395;-2.303456974;0.187301003;0.545073996;1.106226833;;;;;;;;;;;;;;;;;;
243;0.161722814;0.010977434;09/08/2013;15/01/2014;17/03/2014;0.139032594;-0.299404211;-0.241136413;0.432084303;0.994753156;0.921960512;-1.070255474;-0.569624385;0.859615732;-0.333074853;-0.716137401;0.019733686;-0.094068526;0.457989147;-0.456627227;-0.664733371;-1.03488919;0.12741883;0.252003558;-0.970517474;1.106226833;-0.064286019;-0.085653335;-0.222947942;-0.214837399;-0.638087365;-1.407538971;-0.951602631;-0.741255293;-2.231520134;-3.181965307;0.166519221;;0.010256168;-0.137527739;-1.205261147;0.256610749;-0.439894764;-0.235343707
787;0.372046816;-0.891314543;22/02/2014;02/08/2014;05/10/2014;1.355594272;1.001845581;-0.869554659;0.504463918;-0.307922794;-2.323231363;2.095270144;1.929090573;-2.985450286;-0.833049434;1.710476391;-0.216153641;0.597032124;-0.332012698;-0.701232874;-0.671382696;0.23338813;0.900153213;0.882979691;1.370197519;-0.978711678;0.446775881;;-0.16021328;-0.167105937;0.000695697;-0.271126529;-0.553545135;-1.272921344;0.010227826;1.033058472;-1.280126694;-0.373453151;0.151276825;-0.458292385;0.667339212;-0.560749524;-1.119151232;-0.20923932
540;0.273611861;-0.451149241;28/03/2014;06/07/2014;26/09/2014;0.57027415;0.358907615;-0.621177059;0.882497294;0.64992717;-0.835851753;0.688369869;0.263280601;-0.788269704;-0.116795496;1.086489987;0.165818758;0.271986983;-0.174910058;-1.170818273;-0.232527236;-0.274855355;0.670129931;0.59708097;-0.102418768;-0.45747705;0.081731667;-0.063126347;-0.057602738;-0.095360269;-0.768554403;1.033586299;0.510021147;0.176767286;-0.672139673;0.002219328;-0.978920858;0.117376288;-0.760924055;-0.130286845;0.667339212;-0.560749524;-0.582656155;-0.182428028
726;0.973484183;0.16527366;18/02/2013;15/03/2013;27/04/2013;-0.473915362;-1.106143676;0.50970126;-0.461187125;-0.323248393;1.868474809;-1.597843076;-1.402529372;-0.788269704;0.883839559;-0.092150998;-0.312982225;-0.204188959;1.764185379;0.224056196;0.799780494;0.539577631;1.433046155;-0.459590758;-0.395843771;2.148696089;-0.86738329;0.206572334;-0.582592811;-0.576413877;-0.274340414;-0.22998296;-0.803524014;-0.166511408;0.892425118;0.409096396;0.55729095;1.886375206;1.891077464;1.411563807;-1.253690467;0.181738053;-0.519505768;1.033841167
526;-0.500216442;0.573708296;07/10/2014;30/05/2015;20/09/2015;0.51053506;-0.508147077;-1.08183754;-0.830639751;-0.93627237;0.3810952;-0.718530405;-0.014354394;-0.238974559;0.912188057;1.017158165;-0.435148905;0.024405871;-0.381387813;0.197728778;-0.260786868;-0.176936885;-0.275984113;-0.252277612;0.33974812;-0.45747705;1.614917366;0.165593054;0.163143269;0.185219907;-1.066705131;-0.132762713;0.177466605;-0.822505084;-0.717651008;-0.651025303;-1.146222952;1.102193591;0.128001224;0.914584969;0.667339212;-0.567068567;-0.150448138;-1.234315053
594;-2.190075327;1.650401706;03/09/2013;09/12/2013;03/05/2016;-0.669311969;-0.072740704;0.973018265;0.192762145;-2.001401529;0.110662543;-0.190942802;0.540915596;0.310320587;1.666629394;0.531835406;-0.471940879;-0.156343529;-1.826732097;-0.461414031;-0.225877911;0.278461712;-1.348322209;0.919493284;0.127975966;-0.45747705;-0.429330233;0.102228038;-0.668694231;-0.656569681;0.266556674;0.276931005;1.652423644;0.483308102;0.131878594;-0.618143527;0.602259329;0.201559371;-0.627879663;0.259137173;-1.253690467;0.181738053;-0.484174679;-0.222105092
110;0.946409898;0.473397187;30/11/2011;26/06/2012;04/04/2016;0.846567442;-1.493223327;0.145449435;;-0.277271595;1.733258481;-1.421980542;-1.402529372;-0.788269704;0.502451733;0.046512648;-0.448816558;-0.06065267;1.665435148;0.123533327;0.811416813;0.550457461;1.286464533;-0.384181405;-0.207469216;2.148696089;-1.159418661;0.058921041;-0.963191519;-0.95547987;-1.698433371;-2.52910442;-3.576585295;-1.127171079;0.959048939;0.737787284;0.61174878;-0.20557021;-0.157324496;-0.991352096;0.667339365;-0.560749524;-1.871937161;4.61096652
124;-1.507404727;0.735487802;28/07/2013;10/10/2013;01/09/2013;1.925604757;0.31173005;1.024606088;-0.022804652;0.082879991;-2.593664019;2.095270144;2.484360564;-0.238974559;-0.437285658;0.046512648;-0.229965671;-0.444175558;-1.624742989;-0.793618177;2.003308346;2.14512968;-1.394426418;1.565953494;2.12226323;-0.45747705;;;;;;;;;;;;;;;;;;
5;0.268618483;-0.177394089;03/06/2013;15/10/2013;22/12/2013;2.244213237;-0.095506441;-0.735040408;0.425119266;1.102032352;0.110662543;-0.190942802;-0.569624385;0.310320587;0.206512336;-0.092150998;0.228646649;-0.04242584;0.224579511;-0.977431422;0.269496813;-0.13808035;0.42524481;0.131561779;-0.517845542;-0.45747705;0.811820095;0.080412868;0.569489904;0.593364578;0.397634705;0.565638619;-0.054430056;1.048566124;-0.121203435;-0.89250768;0.563914199;0.450877944;0.892670624;0.678986384;-0.979257656;0.606016668;-0.720698537;-0.189341543
766;-0.479557767;-0.189351705;27/12/2014;09/05/2015;17/08/2015;1.432134981;0.717848442;0.7996887;-0.839853687;1.814672725;0.3810952;-0.190942802;-1.124894376;0.310320587;1.318667921;-0.230814643;0.060423829;-0.11457371;-0.498092631;-0.587306956;-0.107852389;-0.085235461;0.350737523;0.153303356;-0.008828368;-2.021180934;2.271996952;0.046859058;2.449802681;2.457953026;-0.650258444;1.406482517;0.440636439;0.601645556;-0.344321371;0.591111181;-0.578832909;0.586451892;0.392115697;0.186898181;0.667339212;-0.560749524;1.862961834;-1.212184368
440;-0.31059264;0.903441501;22/11/2014;17/01/2016;26/04/2016;2.979750784;-1.136394465;-0.661446315;-0.508370337;-2.169983123;0.786744184;-1.246118008;-0.014354394;0.310320587;-0.204337136;-0.230814643;-0.401051961;0.06541624;0.080942812;1.69934896;0.655157672;0.708992126;-1.838656246;-0.846964558;0.747773612;1.106226833;1.103855466;0.023522325;1.118608694;1.107864552;-0.214561962;1.349112501;0.786945358;1.250636256;-0.995443354;-1.045976818;-0.569489397;1.029270963;-0.825798506;0.494445583;0.667339212;-0.560749524;-0.57168245;-0.168575528
357;1.216789396;-1.773169157;06/03/2013;17/04/2013;02/08/2013;-1.257990919;1.4961385;0.177174936;0.789375407;0.64992717;1.05717684;-1.246118008;-0.569624385;0.859615732;0.779331265;0.878494519;0.182013002;-8.824720253;1.764185379;0.239373966;-3.364359383;-4.533531653;0.443240537;-2.376798259;-4.344308128;-0.978711678;-0.721365604;-0.628822562;-0.951381193;-0.951069317;-0.046399396;-1.388590959;-0.962621007;-1.430206277;0.981992702;0.626283288;0.5568494;-1.680553241;-1.227862486;-2.629323317;0.187081792;2.409200781;-0.469974244;-0.152255994
388;-0.515092764;0.53340019;10/02/2013;21/06/2013;09/09/2013;-1.162159462;-0.432209522;-1.11732111;-0.840836215;-0.691062779;0.245878872;-0.542667871;-0.014354394;-0.238974559;1.02799485;1.017158165;-0.410051436;0.021368066;-0.417296988;0.043593713;-0.342241101;-0.27019257;-0.14957721;-0.212911461;0.293191671;-0.45747705;-0.648356761;-0.28592159;-0.921918761;-0.919476951;0.405951999;0.480153049;0.472801884;0.60951083;0.711332038;1.248889968;0.175212236;-0.786196896;-0.15968674;-0.968648862;-0.293175628;1.666713205;-0.50979103;-0.216895538
363;-1.258991941;0.730270999;18/07/2013;23/10/2013;01/09/2013;-0.722828237;-0.030780934;0.852609714;0.010055475;0.151845189;-2.728880347;2.271132678;2.484360564;-0.788269704;-1.411123512;-1.062796514;-0.307712479;-0.598344165;-1.422753881;-0.869249668;1.885282825;1.291840159;-1.517882286;1.1600316;1.203310557;-0.45747705;;;;;;;;;;;;;;;;;;
709;0.06229126;-0.01774429;15/10/2012;11/12/2012;12/06/2013;-0.524942501;-0.149237308;0.441013604;0.096758174;0.787857564;1.05717684;-1.421980542;-0.29198939;0.859615732;-0.616460875;-0.646805579;-0.11395906;-0.071284988;0.287420567;-0.224467269;-1.027121592;-1.369055396;0.017488963;0.674989008;-0.959057425;-0.45747705;-0.648356761;0.207603866;-0.623230649;-0.644447414;-0.435312267;0.231404257;0.624005138;0.398185414;-0.839499793;-1.09579139;0.166519221;0.75282222;0.991777139;1.008982485;1.087564454;-0.560749524;-0.596901006;0.328034979
230;-1.873063282;1.90793983;10/01/2014;04/10/2014;28/09/2014;-0.860974883;-1.093875646;1.275995073;0.758065493;-2.047378327;0.3810952;-0.366805336;-0.014354394;0.310320587;0.243018354;-0.092150998;-0.389477769;-0.14495176;-1.813266157;-0.317809933;0.778170187;0.813127641;-1.602649627;1.31058706;0.598792976;-0.45747705;;;;;;;;;;;;;;;;;;
238;1.690174119;-1.350627661;01/05/2012;24/06/2012;13/02/2014;-0.167752525;0.864940573;-0.088228568;-0.596164735;0.404717579;0.651527856;-0.366805336;-0.847259381;0.310320587;1.382460565;-1.409455628;0.03462854;0.106426608;1.355718516;1.96405918;0.891208715;1.87157967;2.020246269;-1.415533992;1.341308646;0.584992205;-1.013400975;-0.734230147;-0.75251028;-0.748402329;-0.535026532;-0.646584279;0.140290822;-0.772066579;0.886047489;0.845741868;0.449512615;-1.383880775;-1.574115486;-2.073695029;-0.293175628;-1.320111817;-1.058868648;2.056776732
318;0.386289883;0.12641141;17/03/2013;14/08/2013;08/11/2013;-0.828616209;-0.69825496;-1.524799361;0.70741068;0.856822762;0.245878872;-0.015080268;-0.569624385;0.310320587;-0.007638315;-0.577473756;0.084149719;-0.074322793;0.69588743;-0.597359243;0.507210187;0.199194379;0.390878711;-0.257197302;-0.760177826;1.106226833;-0.210303704;0.037412484;-0.771558759;-0.771269792;1.284610514;0.866154517;0.103054809;0.593723366;0.471501595;0.211738217;0.460049603;0.057452459;0.405452141;0.583883176;0.187081792;2.409200781;-0.551442498;-0.63149555
172;-2.329474671;1.768063081;14/08/2014;18/03/2015;18/03/2015;0.443328584;0.021117493;0.883073489;0.216146328;-1.840482735;-0.159770113;0.160782267;0.263280601;0.310320587;1.914766954;0.254508116;-0.504666245;-0.087992916;-1.867129919;-0.478167842;-0.658084046;0.239605176;-1.381814679;0.831620716;0.097654586;-0.45747705;;;;;;;;;;;;;;;;;;
503;-0.23606569;0.616009338;21/11/2014;09/03/2015;18/06/2015;2.14838178;-0.827022692;-0.187303605;-0.913587007;-1.694889541;0.921960512;-1.070255474;-0.014354394;0.859615732;0.348999028;-0.577473756;-0.257276914;0.01757081;0.269465979;2.286211039;0.57536577;0.477407174;-1.027497456;-1.576990449;0.727002273;-0.45747705;0.738811252;-0.137164432;0.691276425;0.690283847;-0.906864183;1.191588705;0.20993492;0.595783775;-0.878063176;-0.81372446;-0.460797139;0.449852045;-0.012392147;0.048754643;0.667339212;-0.560749524;-0.576916334;-0.160851624
119;-1.777981469;2.232573463;02/09/2013;17/06/2014;17/06/2014;1.526099592;-1.686157516;1.360508514;1.128544315;-1.44967995;0.245878872;0.336644801;-0.29198939;0.310320587;-0.327103243;-1.270791982;-0.401749781;0.179333929;-1.835709391;-0.206756097;0.942740985;0.876852359;-1.585385309;1.378314792;0.61383429;1.106226833;;;;;;;;;;;;;;;;;;
48;-0.348691806;0.191220905;06/03/2015;23/07/2015;29/10/2015;1.958585713;-0.060876431;0.330134531;-1.184983269;0.320426782;0.651527856;-0.542667871;-0.569624385;0.310320587;0.954152014;-0.300146465;-0.096994808;0.050227214;-0.107580356;0.815705078;-0.104527727;-0.147405918;0.210276378;-0.633967875;0.286745393;-0.45747705;1.249873152;-0.059065714;1.281541026;1.319958019;-0.537998416;-0.084663219;0.301480969;-1.736636281;-0.39051549;-0.568317604;-1.128483782;0.113967146;-0.10662129;0.091242836;0.667339212;-0.560749524;0.179341077;-0.612162754
572;0.673175558;-1.276283335;12/04/2012;26/06/2012;18/09/2012;-0.325812201;1.350971984;-0.813368437;-0.202148891;0.925787959;0.516311528;-1.246118008;0.540915596;-0.238974559;-1.231839276;-0.369478288;0.292966431;-0.052298706;0.413102678;-0.202447974;0.078328715;0.126144092;0.498558477;-1.102365516;1.199729291;-0.978711678;-1.086409818;-0.212492154;-1.102630148;-1.206164481;-0.603614367;0.555181791;-0.365073732;0.671415617;0.665947084;1.248210679;0.372502285;-0.684969772;-1.991397447;-0.930405082;-0.293175628;-1.3032371;-1.735789557;2.295957882
697;0.535416452;-0.609235953;08/12/2012;27/01/2013;15/02/2013;-0.519964244;0.404749673;-1.415470338;0.244137479;0.098205591;-0.294986441;-0.015080268;0.818550592;0.310320587;-1.081712126;0.185176293;-0.038209463;-0.148749017;0.422079972;-0.882652717;-0.028060488;0.169663412;0.904851505;-0.319940611;1.013980998;-0.45747705;-0.794374447;-0.437407172;-0.616052991;-0.612156311;-0.591795053;0.245547916;-0.425777454;0.071933096;-0.388876674;0.050590721;0.112113956;-1.589014208;-1.712161804;-1.600133855;-1.253690467;0.181738053;-0.542356706;0.736580821
176;-0.405124248;0.655574978;31/03/2015;26/06/2015;25/10/2015;0.672950711;-0.719529899;-0.845769158;-0.861687658;-1.656575542;0.786744184;-1.246118008;0.263280601;0.310320587;0.541454721;0.323839938;-0.414743676;0.018330261;-0.14348953;1.017229495;0.070017058;0.217845516;-0.790322612;-0.702688176;0.563457825;-0.45747705;0.519784724;0.014785563;0.473990984;0.496540332;-0.985156583;-0.108155804;0.763681015;-0.181624141;-0.488895648;-0.402349897;-1.179863247;0.789374033;0.459054448;0.298513677;0.667339212;-0.560749524;0.144363979;-0.572643635
784;-0.345463239;-0.064285206;06/08/2013;06/02/2014;06/04/2014;0.758203371;0.361392279;1.061969926;-0.90684031;1.063718354;0.786744184;-0.542667871;-0.847259381;0.310320587;0.888448131;-0.369478288;-0.073942675;-0.089511818;-0.278148936;0.120661245;-0.036372144;-0.211130636;0.321953502;-0.052723766;-0.002382091;-0.45747705;0.15474051;-0.139985308;0.030022601;0.047402895;-1.296649302;-2.164977213;-1.44725211;-0.791655651;-2.240283246;-3.193706116;0.164066165;-0.567921158;-0.368522322;-0.489716341;-1.253690467;0.181738053;-0.516889342;-0.172943171
624;0.946949723;-1.63602781;29/06/2012;30/09/2012;11/12/2012;-0.867819987;1.599904296;0.313690204;1.025160462;0.91046236;1.462825825;-1.773705611;-0.569624385;0.859615732;0.356933083;-0.022819175;0.288947949;0.30008668;0.996626768;0.06896377;-2.228987113;-2.273635544;-0.687000829;-1.679742922;-2.523592855;-0.978711678;-0.940392133;-0.276372106;-0.783750111;-0.76743759;-0.74314793;-0.291162775;-0.542804923;-0.348643807;0.629237611;0.757914522;0.464565455;-1.063210438;-1.691911329;-1.318445799;-0.293175628;0.924225629;-0.503627418;0.878996628
290;1.301884453;-1.607345164;26/03/2013;24/04/2013;20/07/2013;-0.514363704;1.220558162;0.050063467;0.488219443;1.002415956;1.462825825;-1.773705611;-0.569624385;0.859615732;0.518193257;-0.022819175;0.87521326;-3.45008366;2.248959238;0.078537377;-3.405917665;-4.090567147;0.62788594;-2.2889559;-3.540910948;-0.978711678;-0.429330233;-0.45760912;-0.605959568;-0.596900835;-0.277235428;-0.593098971;-0.414089115;-0.35077746;0.998596493;0.633656162;0.60748821;-1.565541404;-1.305853945;-1.824223575;0.187081792;2.409200781;-0.51963946;-0.110519813
334;-1.289253267;1.135130073;04/06/2013;25/10/2013;01/09/2013;-0.475159926;-0.66235156;1.124082808;0.290469166;-0.338573993;-2.323231363;1.743545075;2.484360564;-0.788269704;-2.289605544;-1.617451096;-0.284876911;-0.485185927;-1.472128996;-0.654322202;2.364034236;1.750347279;-1.787975647;1.047828145;1.620169836;-0.45747705;;;;;;;;;;;;;;;;;;
671;0.472869457;-1.181579801;17/01/2014;20/08/2014;20/08/2014;-0.895822686;1.375259578;-1.110539335;-1.342995718;0.052228792;-1.647149722;1.215957472;1.651455578;-2.43615514;-1.152892946;0.531835406;-0.300902715;-0.239883168;-0.089625768;-0.133996688;-0.297358156;0.241159438;0.801158938;0.582995121;1.678663836;-0.978711678;;;;;;;;;;;;;;;;;;
311;1.143487433;-0.924393372;28/11/2014;25/01/2015;19/04/2015;1.850308612;0.361299104;1.687283144;-1.74002465;-0.67573718;-0.430202769;1.040094938;-0.29198939;0.310320587;1.433705547;0.739830874;-0.139778412;0.830943113;0.21111357;-0.218723105;-0.953979015;-0.511103091;1.350310508;-0.73486899;-0.791931712;0.584992205;0.665802409;-0.036905949;0.559838417;0.573738774;-0.706280169;-0.347983922;0.079550136;-0.17527173;-0.803882663;-0.772929027;-0.71398338;0.760970533;0.180748655;-0.092879003;0.667339212;-0.560749524;-0.543839572;-0.212074807
708;0.257033015;-0.449175843;20/08/2014;20/03/2015;06/07/2015;0.838477773;0.373505018;-0.550411991;0.922453461;0.665252769;-0.835851753;0.688369869;0.263280601;-0.788269704;-0.114896184;1.086489987;0.167358776;0.289454362;-0.192864646;-1.171296954;-0.327280119;-0.33547155;0.650016164;0.665322249;-0.166404041;-0.45747705;1.833943895;0.126445444;1.940889952;2.005645198;0.647775155;-0.479900547;0.660114272;0.008848126;-0.54305646;-0.626990976;-0.778486039;0.354474708;0.786516712;0.661060469;0.667339212;-0.560749524;1.968102201;-1.220376571
482;-0.043483234;0.958540318;12/04/2014;22/09/2014;06/02/2016;0.37674439;-1.484247477;-0.881582946;0.269574056;-1.043551566;0.245878872;0.336644801;-1.124894376;1.408910877;-0.278570697;-0.508141933;-0.165501512;0.142120817;0.633046374;2.480555251;1.122272764;0.980987875;-1.486451984;-1.663956759;0.771171212;1.106226833;0.008722824;0.161359982;-0.138624428;-0.126156552;-0.07426671;1.847454215;0.615082649;0.987491603;-2.46410906;-1.476193581;-0.503753644;0.794500894;1.044726839;1.362525412;0.667339212;-0.560749524;-0.48938992;-0.195736908
437;0.17954741;0.63494223;12/02/2013;03/04/2013;26/07/2013;-0.473915362;-1.287368884;-1.492686964;1.358412364;0.665252769;-0.159770113;0.688369869;-1.124894376;0.310320587;-0.376254979;-1.062796514;0.021033075;0.147436976;0.920319772;1.342732117;0.914481353;0.679461159;-0.211411808;-0.57776689;0.19936252;1.106226833;-0.86738329;-0.223045037;-0.582592811;-0.578798771;-0.202363825;0.784353963;-0.334413904;1.010733079;-0.435204735;-0.124581402;0.222562102;-0.481534628;-0.745831787;-0.22008381;-1.253690467;0.181738053;-0.523804933;1.033841167
425;0.463121469;-1.181130413;06/02/2014;20/08/2014;20/08/2014;-0.776344506;1.383241562;-1.085911041;-1.343585235;-0.001410805;-1.78236605;1.391820007;1.651455578;-2.43615514;-1.119225524;0.601167229;-0.307664353;-0.221656338;-0.121046296;-0.130645926;-0.333929445;0.242713699;0.7983552;0.649044116;1.666010032;-0.978711678;;;;;;;;;;;;;;;;;;
54;-0.633272845;0.656571446;02/03/2014;;01/08/2014;-0.188287838;-0.500972609;-0.956396872;-0.618653725;-0.882632772;-0.024553785;-0.190942802;0.540915596;-0.788269704;0.612211285;1.502480923;-0.547233284;-0.032552973;-0.659683917;-0.488698809;-0.099540733;-0.456703941;-0.26705482;0.504828152;0.065423199;-0.45747705;;;;;;;;;;;;;;;;;;
105;0.584415923;-0.016474282;12/04/2014;05/09/2014;02/12/2014;1.252295429;-0.615857278;-1.114509335;0.665445787;0.067554392;0.786744184;-0.542667871;-0.29198939;0.310320587;-0.449427347;-0.646805579;-0.051780864;-0.384178908;1.054979177;-0.639961792;0.153133623;-0.540634058;0.688079945;-0.324674734;-1.187064649;1.106226833;1.176864309;-0.029205495;1.189724911;1.228178823;1.42205262;-0.199952694;-0.202380345;0.442876983;-0.41237969;-0.66413873;-0.961420194;-0.080474337;0.421580475;0.231716118;0.667339212;-0.560749524;0.591516572;-0.801880733
635;0.408121639;-0.643545713;09/11/2013;19/05/2014;05/07/2014;-0.439689842;0.560072255;-1.077956255;0.63313151;0.075217192;-1.241500738;1.040094938;1.096185587;-1.33756485;-0.70849489;1.15582181;-0.068384175;0.272746435;-0.049227947;-0.994663913;-0.312319138;0.104384432;0.900117659;0.351398557;0.93471566;-0.45747705;-0.35632139;-0.063926566;-0.560242;-0.565444807;-1.02369247;-0.759504965;-0.069493826;-0.59538643;1.53320838;1.389502921;-0.32575381;0.014030159;0.43161793;-0.043319019;-1.109613241;0.181738053;-0.53075511;-0.178792975
782;-0.28196117;-0.302831822;14/07/2014;04/11/2014;29/03/2015;1.042586331;0.688156703;1.516999463;-0.385576083;1.040729955;0.921960512;-0.894392939;-0.847259381;0.859615732;0.407639506;-0.16148282;-0.081017129;-0.242161522;-0.444228869;-0.351317556;0.005186138;-0.156731487;-0.181495118;0.381123842;-0.298194604;-0.45747705;2.125979266;0.13766462;1.842152705;1.339449808;-0.682665146;-0.15948789;-0.353753726;-0.197320992;-1.574286734;-1.22460483;-0.219223745;-0.026128151;0.130478023;0.287495959;-0.129888105;0.434183828;0.908887607;-1.263277236
719;-0.975106445;0.653015423;02/12/2014;02/07/2015;01/10/2015;0.124097821;-0.189302521;0.114741694;-0.248371408;-0.101027202;-1.511933394;1.040094938;1.651455578;-0.788269704;-0.795895588;0.11584447;-0.357498348;-0.340890186;-1.135480483;-1.009981684;0.88455939;0.07951625;-0.833826254;1.306513212;0.160207353;-0.45747705;;;;;;;;;;;;;;;;;;
702;0.447341978;0.068284111;16/09/2013;31/05/2014;23/07/2014;0.170768985;-0.657537523;-1.487935779;0.397455625;0.63460157;0.3810952;-0.190942802;-0.569624385;0.310320587;-0.097917995;-0.508141933;0.065741701;-0.152546273;0.677932842;-0.694052669;0.462327242;0.048431021;0.483991233;-0.331057384;-0.893639646;1.106226833;-0.064286019;0.048581255;-0.222947942;-0.208593706;-0.883502278;0.801565823;0.431882192;0.784999033;0.708105619;0.267316459;0.354177961;0.361422318;0.431650147;0.562451659;-1.253690467;0.181738053;-0.455304741;-0.217250311
112;-0.019813998;0.662726101;10/04/2014;28/08/2014;26/12/2014;0.325094968;-1.111423588;-0.28886513;-0.015381102;-0.67573718;0.3810952;-0.015080268;-0.847259381;0.859615732;-0.034160881;-0.924132869;-0.069779816;0.123134536;0.682421489;2.512626833;0.947727979;0.733860308;-0.849952822;-1.465283278;0.671373286;1.106226833;1.468899681;0.082038312;1.54784586;1.616395576;0.43166995;1.204223564;0.160508114;0.476875104;-1.205280054;-0.84420264;-0.248537757;0.609138124;1.275844899;0.930398114;0.667339212;-0.560749524;2.086016502;-1.234548549
183;1.009714724;-0.735924155;20/06/2013;09/01/2014;15/03/2014;-1.387425615;0.170228414;1.583163668;-0.798434643;-0.874969972;0.110662543;0.160782267;-0.29198939;0.310320587;1.082100531;0.531835406;-0.164057746;0.427674492;0.377193504;-0.297705359;0.154795954;0.477407174;1.380379575;-0.648437805;0.12893097;0.584992205;-0.721365604;0.287277716;-0.978049775;-0.962314421;0.307129405;-3.035182239;-1.810556879;-1.870077229;-2.303505116;-3.199475884;0.043106002;;1.798313294;1.198961289;-1.253690467;0.181738053;-0.333392783;-0.270324273
205;1.24419588;-1.30498552;22/09/2011;07/11/2011;12/04/2012;-0.964273726;0.909850882;0.663299111;-0.654330434;0.787857564;0.921960512;-0.894392939;-0.569624385;0.310320587;0.417789754;0.046512648;0.710960797;0.436028456;1.773162672;-0.414503359;-2.744309812;-3.215517966;0.741564282;-1.852139216;-2.745631302;0.584992205;-1.086409818;0.129826626;-1.293521297;-1.306457055;-1.27810367;-4.03113578;-2.119392028;-7.938937901;-2.095867241;-0.492582713;-0.218291563;0.686198926;-0.441131659;0.41953846;-0.998553612;0.576184577;-1.538300119;1.422366147
293;0.927266885;-1.318916533;13/08/2014;15/11/2014;08/03/2015;-0.254872032;1.154403973;0.249172158;0.615336823;0.734217966;0.786744184;-1.070255474;-0.29198939;0.310320587;-0.064131877;-0.092150998;0.38888063;0.175536673;0.664466902;-0.76968416;-1.806754966;-2.20369378;0.084143754;-1.279716025;-2.496613989;-0.978711678;1.030846624;0.306766374;1.041904774;1.035657191;-0.90632012;-0.92656247;-0.264765977;-0.550779023;-0.483738893;-0.770196841;-0.843950918;1.42256816;1.356033004;0.566460099;-1.204433296;-0.560749524;2.021363361;-1.243688943
63;0.031635447;-0.029018055;04/09/2012;14/12/2012;23/06/2013;-0.583437027;-0.099078146;0.623751897;-0.009573265;0.734217966;1.05717684;-1.421980542;-0.29198939;0.310320587;-0.620722072;-0.577473756;-0.135832118;-0.050020352;0.229068158;-0.13782613;-1.015485273;-1.204303685;-0.009182096;0.782924417;-0.817955573;-0.45747705;-0.648356761;0.178955414;-0.635422001;-0.648864736;;0.617099586;0.800658445;0.643613246;1.069464493;1.22737913;0.440142222;0.552988173;0.588142597;0.978815391;-0.293175628;0.970631102;-0.5515147;0.27801206
83;0.444653236;-0.553453286;24/02/2012;27/04/2012;10/07/2012;-0.539877274;0.377542598;-1.217312871;0.367717756;0.075217192;-0.700635425;0.512507335;0.818550592;-0.238974559;-0.67023343;0.670499051;-0.034431608;0.004660139;0.103386046;-1.015247167;-0.149410672;0.039105453;0.849421821;0.04301599;0.69118962;-0.45747705;-1.013400975;;-0.331560693;-0.401782571;-1.775875375;-0.284114756;0.085416698;-2.443645258;-0.6110107;0.550971339;-0.621647487;;-0.875423885;;-0.293175628;-1.3032371;-0.137177349;1.593895412
510;-0.112196688;-0.097618036;22/01/2014;30/07/2014;05/10/2014;0.716510464;0.168178566;1.223667957;-0.377235506;0.573299173;1.05717684;-1.070255474;-0.29198939;0.310320587;-0.231680468;-0.369478288;-0.165645889;-0.034071876;-0.0447393;0.118746524;-0.495175579;-0.551513888;-0.071560172;0.761420193;-0.336156016;-0.45747705;0.15474051;0.138387039;0.030022601;0.020718722;-0.505849675;0.295171287;-0.489664769;0.667925737;0.430075975;0.382208655;-0.420987554;0.727661814;0.750899399;0.628011812;-1.253690467;0.181738053;-0.52437303;-0.194071843
142;-0.169864498;-0.187632309;30/03/2013;10/10/2013;21/11/2013;-0.855374344;0.379219746;1.361526274;-0.334004243;0.672915569;0.921960512;-1.070255474;-0.569624385;0.859615732;-0.015125654;-0.230814643;-0.145336911;-0.109257551;-0.233262467;-0.080384491;-0.335591776;-0.413184621;-0.097078245;0.727060042;-0.333529755;-0.45747705;-0.648356761;0.144617908;-0.722793353;-0.722053581;1.349280963;-5.78E-05;0.673707594;0.672648235;0.913520931;0.41109943;0.699276864;-0.673178864;-0.525506971;0.555223122;-0.773433047;0.924225629;-0.424162884;0.045458705
137;0.12997697;-1.031132676;14/05/2013;02/03/2014;12/04/2014;-0.333279587;1.434487765;-0.627889834;1.664764813;-0.752365177;-3.26974566;3.15044535;2.484360564;-4.633335722;-0.608105099;3.305108312;-0.086912508;1.073208066;-1.036730252;-0.508803383;-0.697979997;-0.186262454;0.393316743;1.448079449;0.150418561;-0.978711678;-0.283312547;0.002159346;-0.475918486;-0.466041487;-0.624532676;0.297204876;0.076208795;0.370161302;0.664062446;0.404252622;0.445641884;-0.92250145;0.331387283;-0.346783559;-1.253690467;0.181738053;-0.451345657;-0.219885764
692;-0.309128885;0.566615789;28/02/2014;01/09/2014;20/10/2014;0.452662817;-0.685117297;-0.378351545;-1.023302712;-1.518645148;0.921960512;-1.246118008;-0.014354394;0.310320587;0.536559087;-0.230814643;-0.295584843;0.013014102;0.094408752;1.775937812;0.284457795;0.315763986;-0.8091107;-1.302756573;0.64654318;-0.45747705;1.395890838;-0.069719057;2.2234804;2.284797432;0.090367373;0.518298068;-0.068535706;0.198140317;0.789841555;0.470279965;0.2292143;0.817469741;0.823331574;0.830161622;1.627854051;0.181738053;2.861619395;-1.166169918
399;-0.205139965;0.63162067;13/12/2014;14/04/2015;12/06/2015;2.092376383;-0.878331011;-0.130042945;-0.838303475;-1.664238342;0.921960512;-1.070255474;-0.29198939;0.859615732;0.288554686;-0.716137401;-0.233310396;0.028962579;0.341284329;2.441303464;0.671780985;0.538023369;-1.066160587;-1.657142556;0.75207113;-0.45747705;0.738811252;-0.134563721;0.689244534;0.683789941;1.116489733;1.615038943;0.78713356;0.668347769;-1.088978763;0.102863675;-0.804733031;0.821491467;1.469721721;0.023155984;0.667339212;-0.560749524;-0.555221465;-0.182746154
566;0.763378187;-0.627660841;27/11/2014;01/08/2015;16/11/2015;-0.064453682;0.243619188;-0.458135979;0.798371003;0.443031578;0.786744184;-1.246118008;-0.014354394;0.859615732;-0.799779985;-0.369478288;0.288923886;-0.166975847;1.131286174;-0.632781587;0.340977058;0.388814273;0.993473984;-0.943929921;0.754936142;0.584992205;-0.210303704;0.072876718;-0.401652836;-0.414434184;1.112514145;0.267263432;0.485649397;0.450689938;-0.357590192;-0.438733061;-0.781809706;1.028102194;-1.087614556;0.454908552;0.667339212;-0.560749524;-0.59127229;-0.156229446
160;0.142174932;-0.226475022;15/06/2014;28/09/2014;25/01/2015;-0.726561931;0.117522471;0.02622868;0.476800276;0.89513676;0.245878872;-0.542667871;-0.014354394;0.310320587;-0.193722139;-0.022819175;0.07173333;0.012254651;0.054010931;-0.874993832;-0.89579742;-1.149904536;0.312109946;0.748132714;-0.957386168;-0.45747705;0.665802409;-0.116265865;0.620287202;0.657350559;-0.288838237;-0.372071722;-1.049678387;-1.935932838;0.124313658;1.471657007;-1.332867619;-0.128952704;0.438292465;-0.372994734;1.627854051;0.181738053;2.134226977;-1.249095612
663;0.239976631;0.287839221;27/11/2012;18/03/2013;19/06/2013;-0.938137875;-0.822736646;-1.199323422;1.274569914;1.132683551;0.245878872;-0.015080268;-0.847259381;0.310320587;-0.341340571;-0.924132869;0.050846847;0.028962579;0.817080895;0.026839902;0.380873009;0.042213975;0.083767891;-0.054074523;-0.497551705;1.106226833;-0.648356761;-0.032555495;-0.812196597;-0.785672893;0.347717257;0.376657387;0.979108226;0.52637763;0.913520931;0.77451938;0.458977088;-0.41386624;-0.222388424;0.281888042;2.472644211;0.924225629;-0.467145739;-0.025318403
397;-0.056376739;0.932827537;24/04/2014;16/09/2014;31/01/2016;1.185088952;-1.434336782;-0.813223043;0.178242554;-1.150830762;0.245878872;0.160782267;-0.847259381;1.408910877;-0.243858829;-0.508141933;-0.169592183;0.123893987;0.615091786;2.513584193;1.095675463;0.95456543;-1.492948325;-1.681529546;0.774991228;1.106226833;2.125979266;0.1811904;2.30675749;2.325348388;-0.258993826;1.8400147;0.479455493;1.277031516;-1.316173253;-0.919343813;-0.302014366;;0.788127546;1.227255746;0.667339212;-0.560749524;1.970782335;-1.227169282
406;1.213342823;-0.471899221;12/09/2013;06/03/2014;30/03/2015;-0.414798554;-0.458578023;1.932161426;-2.540785542;-2.169983123;0.651527856;-0.366805336;-1.124894376;0.859615732;2.170463127;0.739830874;-0.431563552;0.040354348;0.431057266;1.188118372;0.84632577;1.758118586;1.739044623;-0.824687857;0.654899465;0.584992205;-0.35632139;0.118285714;-0.55516227;-0.544725454;-0.593469456;0.775014658;-0.144227157;1.043611306;0.712407511;0.434874567;0.587095573;;0.878624158;0.727493616;-1.253690467;0.181738053;-0.516223209;-0.161763896
747;-0.30883821;-0.344507629;24/05/2014;22/01/2015;06/04/2015;1.60512943;0.789810534;1.54053114;-0.375161279;1.148009151;0.921960512;-0.894392939;-0.847259381;0.859615732;0.472438566;-0.16148282;-0.057916871;-0.270261219;-0.493603984;-0.445138899;0.066692396;-0.091452507;-0.226034924;0.312545953;-0.294613338;-0.45747705;2.49102348;0.091184878;2.728375062;2.751193337;-0.529693575;-0.094782684;0.35185958;-0.862694034;-0.63619897;0.587618788;-1.330054554;0.358764615;1.477760754;0.035916855;0.667339212;-0.548164988;2.016326207;-1.237431627
267;1.329664662;-1.119583862;27/06/2014;12/12/2014;13/01/2015;-0.520586526;0.719836174;1.098136109;-1.802316969;0.213147586;0.786744184;-0.718530405;-0.569624385;0.859615732;1.070886735;-0.022819175;0.464245223;0.464887604;1.432025512;0.14220186;-1.83833926;-1.378380965;1.120078977;-1.547610406;-1.172978338;0.584992205;-0.35632139;0.096667308;-0.57040146;-0.552598498;-0.707525832;-1.459773224;0.169796551;-0.851661295;-0.595367459;-0.498016519;-0.454410434;0.697099265;1.03307085;0.417148427;1.627854051;0.181738053;-0.432909716;-0.234137481
350;0.340809653;0.026979537;26/02/2013;14/09/2013;28/11/2013;-1.068194852;-0.503053515;-1.272091972;0.520031539;0.994753156;0.245878872;-0.190942802;-0.569624385;0.310320587;0.187680292;-0.438810111;0.171425384;-0.084955111;0.53878479;-0.729953693;0.482275218;0.295558587;0.363979086;-0.17954388;-0.581830815;1.106226833;-0.648356761;0.170015472;-0.891440382;-0.885546427;0.015175945;0.451641229;0.142250612;0.708668056;-0.109253736;-0.649724536;0.445937565;0.912654521;0.943693767;1.030957238;-1.253690467;0.181738053;-0.539678148;-0.136539573
237;0.069558131;-0.804328751;24/02/2013;17/04/2013;04/07/2013;-1.042681282;1.138812704;-0.276538661;1.751249173;-0.315585594;-2.323231363;2.095270144;1.651455578;-2.985450286;-0.517258686;2.681121908;0.011407968;0.880307446;-0.933491375;-0.879301955;-0.920732389;-0.397642007;0.233244676;1.557223202;-0.261904449;-0.45747705;-0.86738329;-0.024490792;-0.859946057;-0.859709465;-1.42899643;-0.840629814;-0.364263015;-0.188761734;0.982433922;1.39702736;0.487237348;-0.82992739;-1.328854296;-0.300746869;-0.773433047;0.924225629;-0.511361045;0.435203556
570;0.345491594;-0.372916736;02/08/2013;27/12/2013;22/03/2014;0.929330973;0.159823882;-0.956929162;0.422324518;0.688241168;-0.430202769;0.512507335;-0.014354394;-0.238974559;-0.047879968;0.531835406;0.181772374;0.019089713;0.013613109;-1.13635329;0.331003071;-0.04016188;0.657340419;0.13652894;-0.066606115;-0.45747705;0.227749353;0.061255848;0.100122872;0.117534705;-0.252834025;1.109561899;0.527038299;0.926626127;0.686596163;0.393470247;0.521336166;;-0.305628232;0.640850306;-1.253690467;0.181738053;-0.537617923;-0.172346252
506;1.325958557;-0.530163289;03/01/2014;15/03/2014;06/03/2015;0.073070682;-0.466591066;1.951077454;-3.240782657;-2.169983123;0.516311528;-0.190942802;-1.124894376;0.859615732;2.217905128;0.809162697;-0.419652481;0.193004052;0.372704857;1.823327164;0.824715463;1.621343581;1.803596611;-0.62587628;0.621474323;0.584992205;-0.137294862;;-0.307271457;-0.296082881;0.51802136;1.055162567;-0.068431563;1.325000603;0.550057872;0.201356452;0.571113384;;0.96742029;0.724463078;-1.253690467;0.181738053;-0.512879406;-0.176220103
79;0.436150997;0.476367053;11/10/2014;13/04/2015;20/10/2015;0.91999674;-1.281778389;-2.002924393;1.415006017;1.16333475;-0.024553785;0.336644801;-0.847259381;-0.238974559;-0.284746168;-0.785469224;-0.223324347;0.455014738;1.032535943;-0.043047426;0.823053132;0.519372232;0.452352683;-0.27814914;-0.545779411;1.106226833;0.227749353;0.050922668;0.114346115;0.105105159;-0.292161384;0.29853051;-0.029184364;0.429587812;-0.308984406;-0.337574779;-0.787938363;1.458055736;1.473629142;0.749181981;1.586689129;0.155220639;-0.547483899;-0.176907613
439;1.082196569;-1.045728001;11/06/2014;01/01/2015;19/04/2015;2.126601904;0.611007874;1.274087698;-0.951381611;-0.147004;-0.430202769;0.864232404;-0.29198939;0.310320587;0.954311989;0.670499051;-0.077648341;0.72689829;0.256000039;-0.653364841;-1.432730426;-1.311547724;1.09406314;-0.858284161;-1.529194859;0.584992205;2.856067694;0.246411343;3.149992634;3.175641329;-0.142322564;0.150807852;0.11777365;0.373430347;-1.391755094;-1.46770246;-0.735898544;1.619366579;1.256718938;1.933681035;0.664337603;-0.544507608;1.958076952;-1.224405013
195;0.0040421;-0.173251909;19/01/2013;16/04/2013;15/08/2013;-1.3320425;0.170290531;0.788927067;0.132063705;0.672915569;0.786744184;-1.070255474;-0.014354394;0.310320587;-0.520564031;-0.16148282;-0.120961326;-0.027996266;-0.031273359;-0.449447022;-1.155121101;-1.095505386;0.056040351;1.136468875;-0.795512977;-0.45747705;-1.086409818;-0.14779948;-1.001543525;-1.003074017;-0.591204088;0.221840449;-0.358845954;-0.226587287;1.17529102;0.750064953;0.782150275;-1.163174043;-1.108982992;-0.427221801;0.667339212;-0.560749524;-0.503945776;0.919156872
381;0.539683143;-0.05439868;23/10/2011;15/03/2012;22/06/2012;-0.633219602;-0.522278606;-1.239967254;0.250447497;0.013914794;0.516311528;-0.366805336;-0.29198939;0.310320587;-0.428212137;-0.508141933;-0.035682872;-0.406202995;0.776683073;-0.736176537;0.129860985;-0.562393718;0.590457063;-0.365128395;-1.171545832;1.106226833;-1.086409818;-0.291813825;-0.529128655;-0.520805497;;-0.003739682;-0.272615187;0.42094775;0.471501595;0.259164983;0.585439761;-0.851824214;-1.649836364;-0.797322896;0.667339365;-0.560749524;-0.262110436;1.875339639
401;0.660603872;-0.396089501;07/03/2014;17/09/2014;23/11/2014;-0.42226594;-0.060814315;-0.894890209;0.673502522;0.059891592;0.651527856;-0.894392939;-0.014354394;0.310320587;-0.596339817;-0.577473756;0.044061146;-0.410759703;1.054979177;-0.674905456;-0.202605273;-0.089898245;0.787434847;-0.510112522;0.12654346;1.106226833;-0.35632139;0.182003122;-0.560242;-0.555162596;2.759768294;0.004342408;0.682390553;0.342388931;-0.645269398;-0.602174262;-0.944696489;0.902453203;1.560296573;1.005377855;0.667339212;-0.560749524;-0.528054774;-0.16687262
